YEAR,SLOPE,INTERCEPT,ELA,GRADIENT,RMSE
2020,0.006142443,-3.958369968,640,0.614244286,0.198367019
2019,0.008916072,-3.386632957,380,0.891607181,0.168499701
2018,0.008498811,-3.828782479,450,0.849881145,0.207051792
2017,0.003554765,-3.047251685,860,0.355476491,0.073552948
2016,0.004749289,-2.693409837,570,0.474928885,0.212462082
2015,0.005409072,-2.562995644,470,0.540907183,0.33
2014,0.003330376,-1.646814864,490,0.333037643,0.08
